Workbook

Sheet Release Date
A1: Release Date | B1: 46366

Sheet b18_schedule_prep_spreadsheet
A1: Title | B1: Repo | C1: Start Date | D1: End Date | E1: Length (days) | F1: Completion Days Before Release | G1: Description | H1: Checklist | I1: GitHub Project Product | J1: Validate Start Date | K1: Validate End Date
A2: $BUILD Release Planning | B2: NASA-PDS/software-issues-repo | C2: =D2-E2 -> 46094 | D2: ='Release Date'!$B$1-F2 -> 46135 | E2: 41 | F2: 231 | G2: LOE support for high priority improvements to Validate | I2: System Engineering | J2: =IF(C2="","",(MOD(_xlfn.DAYS('Release Date'!$B$1,(C2+20)),21)=0)) -> TRUE | K2: =IF(D2="","",(MOD(_xlfn.DAYS('Release Date'!$B$1,D2),21)=0)) -> TRUE
A3: $BUILD Registry Legacy Support: High Priority Enhancements / Bug Fixes / Tasks | B3: NASA-PDS/registry-legacy-solr | C3: =D3-E3 -> 46115 | D3: ='Release Date'!$B$1-F3 -> 46282 | E3: 167 | F3: 84 | G3: LOE support for high priority improvements to Legacy Solr Registry | I3: System Engineering
A4: $BUILD Validate Support: High Priority Enhancements / Bug Fixes / Tasks | B4: NASA-PDS/validate | C4: =D4-E4 -> 46115 | D4: ='Release Date'!$B$1-F4 -> 46282 | E4: 167 | F4: 84 | G4: LOE support for high priority improvements to Validate | I4: Validate | J4: =IF(C4="","",(MOD(_xlfn.DAYS('Release Date'!$B$1,(C4+20)),21)=0)) -> TRUE | K4: =IF(D4="","",(MOD(_xlfn.DAYS('Release Date'!$B$1,D4),21)=0)) -> TRUE
A5: $BUILD Registry API Support: High Priority Enhancements / Bug Fixes / Tasks | B5: NASA-PDS/registry-api | C5: =D5-E5 -> 46115 | D5: ='Release Date'!$B$1-F5 -> 46282 | E5: 167 | F5: 84 | G5: LOE support for high priority improvements to Registry API | I5: Search API | J5: =IF(C5="","",(MOD(_xlfn.DAYS('Release Date'!$B$1,(C5+20)),21)=0)) -> TRUE | K5: =IF(D5="","",(MOD(_xlfn.DAYS('Release Date'!$B$1,D5),21)=0)) -> TRUE
A6: $BUILD DUM Support: High Priority Enhancements / Bug Fixes / Tasks | B6: NASA-PDS/data-upload-manager | C6: =D6-E6 -> 46115 | D6: ='Release Date'!$B$1-F6 -> 46282 | E6: 167 | F6: 84 | G6: LOE support for high priority improvements to Data Upload Manager | I6: Data Upload Manager | J6: =IF(C6="","",(MOD(_xlfn.DAYS('Release Date'!$B$1,(C6+20)),21)=0)) -> TRUE | K6: =IF(D6="","",(MOD(_xlfn.DAYS('Release Date'!$B$1,D6),21)=0)) -> TRUE
A7: $BUILD Registry Support: High Priority Enhancements / Bug Fixes / Tasks | B7: NASA-PDS/registry | C7: =D7-E7 -> 46115 | D7: ='Release Date'!$B$1-F7 -> 46282 | E7: 167 | F7: 84 | G7: LOE support for high priority improvements to Registry | I7: Registry Tools | J7: =IF(C7="","",(MOD(_xlfn.DAYS('Release Date'!$B$1,(C7+20)),21)=0)) -> TRUE | K7: =IF(D7="","",(MOD(_xlfn.DAYS('Release Date'!$B$1,D7),21)=0)) -> TRUE
A8: $BUILD Information Model SCR Implementation and LDDTool Updates | B8: NASA-PDS/pds4-information-model | C8: =D8-E8 -> 46115 | D8: ='Release Date'!$B$1-F8 -> 46303 | E8: 188 | F8: 63 | G8: Information Model SCR Implementation and LDDTool Updates | I8: PDS4 Information Model | J8: =IF(C8="","",(MOD(_xlfn.DAYS('Release Date'!$B$1,(C8+20)),21)=0)) -> TRUE | K8: =IF(D8="","",(MOD(_xlfn.DAYS('Release Date'!$B$1,D8),21)=0)) -> TRUE
A9: $BUILD SCR Freeze | B9: NASA-PDS/pds4-information-model | C9: =D9-E9 -> 46282 | D9: ='Release Date'!$B$1-F9 -> 46282 | E9: 0 | F9: 84 | G9: DDWG SCR Freeze | I9: PDS4 Information Model | J9: =IF(C9="","",(MOD(_xlfn.DAYS('Release Date'!$B$1,(C9+20)),21)=0)) -> FALSE | K9: =IF(D9="","",(MOD(_xlfn.DAYS('Release Date'!$B$1,D9),21)=0)) -> TRUE
A10: $BUILD Triage Security Code Scans | B10: NASA-PDS/software-issues-repo | C10: =D10-E10 -> 46283 | D10: ='Release Date'!$B$1-F10 -> 46303 | E10: 20 | F10: 63 | G10: Triage Security Code Scans from SonarCloud | H10: Triage results on SonarCube Cloud;Inform SEO Security that Dispositions are available | I10: System Engineering | J10: =IF(C10="","",(MOD(_xlfn.DAYS('Release Date'!$B$1,(C10+20)),21)=0)) -> TRUE | K10: =IF(D10="","",(MOD(_xlfn.DAYS('Release Date'!$B$1,D10),21)=0)) -> TRUE
A11: $BUILD Bi-annual Cloud Resource Housekeeping | B11: NASA-PDS/planetary-data-cloud | C11: =D11-E11 -> 46283 | D11: ='Release Date'!$B$1-F11 -> 46303 | E11: 20 | F11: 63 | G11: Review cloud resources for possible cost cutting opportunities. See wiki "Bi-Annual Cloud Resource Review" for more details. | I11: Cloud Operations
A12: $BUILD Information Model Delivery to I&T | B12: NASA-PDS/pds4-information-model | C12: =D12-E12 -> 46283 | D12: ='Release Date'!$B$1-F12 -> 46303 | E12: 20 | F12: 63 | G12: Information Model Delivery to I&T | H12: Wrap up remaining SCR implementations;Deliver IM to I&T | I12: PDS4 Information Model | J12: =IF(C12="","",(MOD(_xlfn.DAYS('Release Date'!$B$1,(C12+20)),21)=0)) -> TRUE | K12: =IF(D12="","",(MOD(_xlfn.DAYS('Release Date'!$B$1,D12),21)=0)) -> TRUE
A13: $BUILD Standards Documents Updates | B13: NASA-PDS/pds4-information-model | C13: =D13-E13 -> 46283 | D13: ='Release Date'!$B$1-F13 -> 46303 | E13: 20 | F13: 63 | G13: Standards Documents Updates | H13: Standards Reference Document Update;Generate labels and DOIs for documents Data Provider's Handbook Updates | I13: PDS4 Information Model | J13: =IF(C13="","",(MOD(_xlfn.DAYS('Release Date'!$B$1,(C13+20)),21)=0)) -> TRUE | K13: =IF(D13="","",(MOD(_xlfn.DAYS('Release Date'!$B$1,D13),21)=0)) -> TRUE
A14: $BUILD dLDD Integration & Test | B14: NASA-PDS/system-i-n-t | C14: =D14-E14 -> 46304 | D14: ='Release Date'!$B$1-F14 -> 46345 | E14: 41 | F14: 21 | G14: Discipline LDD Integration & Test | H14: Generate and Deliver Discipline LDDs for I&T;Discipline LDD Review (dLDD Stewards Teams);Discipline LDD Freeze | I14: I&T and Release | J14: =IF(C14="","",(MOD(_xlfn.DAYS('Release Date'!$B$1,(C14+20)),21)=0)) -> TRUE | K14: =IF(D14="","",(MOD(_xlfn.DAYS('Release Date'!$B$1,D14),21)=0)) -> TRUE
A15: $BUILD Standards Document Review | B15: NASA-PDS/system-i-n-t | C15: =D15-E15 -> 46304 | D15: ='Release Date'!$B$1-F15 -> 46345 | E15: 41 | F15: 21 | G15: Standards Document Review | H15: Review Standards Reference Document Updates;Complete Doc Updates Per Review Comments | I15: I&T and Release | J15: =IF(C15="","",(MOD(_xlfn.DAYS('Release Date'!$B$1,(C15+20)),21)=0)) -> TRUE | K15: =IF(D15="","",(MOD(_xlfn.DAYS('Release Date'!$B$1,D15),21)=0)) -> TRUE
A16: $BUILD System Integration & Test | B16: NASA-PDS/system-i-n-t | C16: =D16-E16 -> 46304 | D16: ='Release Date'!$B$1-F16 -> 46345 | E16: 41 | F16: 21 | G16: System Integration & Test | H16: Perform System Testing;Generate Test Report;Update EN Node webpage with Test Report | I16: I&T and Release | J16: =IF(C16="","",(MOD(_xlfn.DAYS('Release Date'!$B$1,(C16+20)),21)=0)) -> TRUE | K16: =IF(D16="","",(MOD(_xlfn.DAYS('Release Date'!$B$1,D16),21)=0)) -> TRUE
A17: $BUILD Information Model I&T | B17: NASA-PDS/system-i-n-t | C17: =D17-E17 -> 46304 | D17: ='Release Date'!$B$1-F17 -> 46325 | E17: 21 | F17: 41 | G17: Information Model I&T | I17: I&T and Release | J17: =IF(C17="","",(MOD(_xlfn.DAYS('Release Date'!$B$1,(C17+20)),21)=0)) -> TRUE | K17: =IF(D17="","",(MOD(_xlfn.DAYS('Release Date'!$B$1,D17),21)=0)) -> FALSE
A18: $BUILD Delivery & Deployment Review (DDR) | B18: NASA-PDS/system-i-n-t | C18: =D18-E18 -> 46325 | D18: ='Release Date'!$B$1-F18 -> 46366 | E18: 41 | F18: 0 | G18: Delivery & Deployment Review (DDR) | H18: Generate and Release Final Release Description Document (RDD);Generate & Submit DDR Presentation;Release Test Report;DDR - TBD date | I18: I&T and Release | J18: =IF(C18="","",(MOD(_xlfn.DAYS('Release Date'!$B$1,(C18+20)),21)=0)) -> TRUE | K18: =IF(D18="","",(MOD(_xlfn.DAYS('Release Date'!$B$1,D18),21)=0)) -> TRUE
A19: $BUILD Deployment and Release | B19: NASA-PDS/system-i-n-t | C19: =D19-E19 -> 46346 | D19: ='Release Date'!$B$1-F19 -> 46366 | E19: 20 | F19: 0 | G19: Deployment and Release | H19: Deployment of Test Environment;Deployment of Production Environment - https://docs.google.com/spreadsheets/d/1f1zK9hdR3RWQP9PiR80EMFQ3xDqca1tK2a7oqSCKuHE/edit?usp=sharing;Webpage Updated - documents , discipline LDDs, TBD mission LDDs;Release announcement to public | I19: I&T and Release | J19: =IF(C19="","",(MOD(_xlfn.DAYS('Release Date'!$B$1,(C19+20)),21)=0)) -> TRUE | K19: =IF(D19="","",(MOD(_xlfn.DAYS('Release Date'!$B$1,D19),21)=0)) -> TRUE

Sheet b17_schedule_prep_spreadsheet
A1: Title | B1: Repo | C1: Start Date | D1: End Date | E1: Length (days) | F1: Completion Days Before Release | G1: Description | H1: Checklist | I1: GitHub Project Product | J1: Validate Start Date | K1: Validate End Date
A2: $BUILD Release Planning | B2: NASA-PDS/software-issues-repo | C2: =D2-E2 -> 46094 | D2: ='Release Date'!$B$1-F2 -> 46135 | E2: 41 | F2: 231 | G2: LOE support for high priority improvements to Validate | I2: System Engineering | J2: =IF(C2="","",(MOD(_xlfn.DAYS('Release Date'!$B$1,(C2+20)),21)=0)) -> TRUE | K2: =IF(D2="","",(MOD(_xlfn.DAYS('Release Date'!$B$1,D2),21)=0)) -> TRUE
A3: $BUILD Registry Legacy Support: High Priority Enhancements / Bug Fixes / Tasks | B3: NASA-PDS/registry-legacy-solr | C3: =D3-E3 -> 46115 | D3: ='Release Date'!$B$1-F3 -> 46282 | E3: 167 | F3: 84 | G3: LOE support for high priority improvements to Legacy Solr Registry | I3: System Engineering
A4: $BUILD Validate Support: High Priority Enhancements / Bug Fixes / Tasks | B4: NASA-PDS/validate | C4: =D4-E4 -> 46115 | D4: ='Release Date'!$B$1-F4 -> 46282 | E4: 167 | F4: 84 | G4: LOE support for high priority improvements to Validate | I4: Validate | J4: =IF(C4="","",(MOD(_xlfn.DAYS('Release Date'!$B$1,(C4+20)),21)=0)) -> TRUE | K4: =IF(D4="","",(MOD(_xlfn.DAYS('Release Date'!$B$1,D4),21)=0)) -> TRUE
A5: $BUILD Registry API Support: High Priority Enhancements / Bug Fixes / Tasks | B5: NASA-PDS/registry-api | C5: =D5-E5 -> 46115 | D5: ='Release Date'!$B$1-F5 -> 46282 | E5: 167 | F5: 84 | G5: LOE support for high priority improvements to Registry API | I5: Search API | J5: =IF(C5="","",(MOD(_xlfn.DAYS('Release Date'!$B$1,(C5+20)),21)=0)) -> TRUE | K5: =IF(D5="","",(MOD(_xlfn.DAYS('Release Date'!$B$1,D5),21)=0)) -> TRUE
A6: $BUILD DUM Support: High Priority Enhancements / Bug Fixes / Tasks | B6: NASA-PDS/data-upload-manager | C6: =D6-E6 -> 46115 | D6: ='Release Date'!$B$1-F6 -> 46282 | E6: 167 | F6: 84 | G6: LOE support for high priority improvements to Data Upload Manager | I6: Data Upload Manager | J6: =IF(C6="","",(MOD(_xlfn.DAYS('Release Date'!$B$1,(C6+20)),21)=0)) -> TRUE | K6: =IF(D6="","",(MOD(_xlfn.DAYS('Release Date'!$B$1,D6),21)=0)) -> TRUE
A7: $BUILD Registry Support: High Priority Enhancements / Bug Fixes / Tasks | B7: NASA-PDS/registry | C7: =D7-E7 -> 46115 | D7: ='Release Date'!$B$1-F7 -> 46282 | E7: 167 | F7: 84 | G7: LOE support for high priority improvements to Registry | I7: Registry Tools | J7: =IF(C7="","",(MOD(_xlfn.DAYS('Release Date'!$B$1,(C7+20)),21)=0)) -> TRUE | K7: =IF(D7="","",(MOD(_xlfn.DAYS('Release Date'!$B$1,D7),21)=0)) -> TRUE
A8: $BUILD Information Model SCR Implementation and LDDTool Updates | B8: NASA-PDS/pds4-information-model | C8: =D8-E8 -> 46115 | D8: ='Release Date'!$B$1-F8 -> 46303 | E8: 188 | F8: 63 | G8: Information Model SCR Implementation and LDDTool Updates | I8: PDS4 Information Model | J8: =IF(C8="","",(MOD(_xlfn.DAYS('Release Date'!$B$1,(C8+20)),21)=0)) -> TRUE | K8: =IF(D8="","",(MOD(_xlfn.DAYS('Release Date'!$B$1,D8),21)=0)) -> TRUE
A9: $BUILD SCR Freeze | B9: NASA-PDS/pds4-information-model | C9: =D9-E9 -> 46282 | D9: ='Release Date'!$B$1-F9 -> 46282 | E9: 0 | F9: 84 | G9: DDWG SCR Freeze | I9: PDS4 Information Model | J9: =IF(C9="","",(MOD(_xlfn.DAYS('Release Date'!$B$1,(C9+20)),21)=0)) -> FALSE | K9: =IF(D9="","",(MOD(_xlfn.DAYS('Release Date'!$B$1,D9),21)=0)) -> TRUE
A10: $BUILD Triage Security Code Scans | B10: NASA-PDS/software-issues-repo | C10: =D10-E10 -> 46283 | D10: ='Release Date'!$B$1-F10 -> 46303 | E10: 20 | F10: 63 | G10: Triage Security Code Scans from SonarCloud | H10: Triage results on SonarCube Cloud;Inform SEO Security that Dispositions are available | I10: System Engineering | J10: =IF(C10="","",(MOD(_xlfn.DAYS('Release Date'!$B$1,(C10+20)),21)=0)) -> TRUE | K10: =IF(D10="","",(MOD(_xlfn.DAYS('Release Date'!$B$1,D10),21)=0)) -> TRUE
A11: $BUILD Bi-annual Cloud Resource Housekeeping | B11: NASA-PDS/planetary-data-cloud | C11: =D11-E11 -> 46283 | D11: ='Release Date'!$B$1-F11 -> 46303 | E11: 20 | F11: 63 | G11: Review cloud resources for possible cost cutting opportunities. See wiki "Bi-Annual Cloud Resource Review" for more details. | I11: Cloud Operations
A12: $BUILD Information Model Delivery to I&T | B12: NASA-PDS/pds4-information-model | C12: =D12-E12 -> 46283 | D12: ='Release Date'!$B$1-F12 -> 46303 | E12: 20 | F12: 63 | G12: Information Model Delivery to I&T | H12: Wrap up remaining SCR implementations;Deliver IM to I&T | I12: PDS4 Information Model | J12: =IF(C12="","",(MOD(_xlfn.DAYS('Release Date'!$B$1,(C12+20)),21)=0)) -> TRUE | K12: =IF(D12="","",(MOD(_xlfn.DAYS('Release Date'!$B$1,D12),21)=0)) -> TRUE
A13: $BUILD Standards Documents Updates | B13: NASA-PDS/pds4-information-model | C13: =D13-E13 -> 46283 | D13: ='Release Date'!$B$1-F13 -> 46303 | E13: 20 | F13: 63 | G13: Standards Documents Updates | H13: Standards Reference Document Update;Generate labels and DOIs for documents Data Provider's Handbook Updates | I13: PDS4 Information Model | J13: =IF(C13="","",(MOD(_xlfn.DAYS('Release Date'!$B$1,(C13+20)),21)=0)) -> TRUE | K13: =IF(D13="","",(MOD(_xlfn.DAYS('Release Date'!$B$1,D13),21)=0)) -> TRUE
A14: $BUILD dLDD Integration & Test | B14: NASA-PDS/system-i-n-t | C14: =D14-E14 -> 46304 | D14: ='Release Date'!$B$1-F14 -> 46345 | E14: 41 | F14: 21 | G14: Discipline LDD Integration & Test | H14: Generate and Deliver Discipline LDDs for I&T;Discipline LDD Review (dLDD Stewards Teams);Discipline LDD Freeze | I14: I&T and Release | J14: =IF(C14="","",(MOD(_xlfn.DAYS('Release Date'!$B$1,(C14+20)),21)=0)) -> TRUE | K14: =IF(D14="","",(MOD(_xlfn.DAYS('Release Date'!$B$1,D14),21)=0)) -> TRUE
A15: $BUILD Standards Document Review | B15: NASA-PDS/system-i-n-t | C15: =D15-E15 -> 46304 | D15: ='Release Date'!$B$1-F15 -> 46345 | E15: 41 | F15: 21 | G15: Standards Document Review | H15: Review Standards Reference Document Updates;Complete Doc Updates Per Review Comments | I15: I&T and Release | J15: =IF(C15="","",(MOD(_xlfn.DAYS('Release Date'!$B$1,(C15+20)),21)=0)) -> TRUE | K15: =IF(D15="","",(MOD(_xlfn.DAYS('Release Date'!$B$1,D15),21)=0)) -> TRUE
A16: $BUILD System Integration & Test | B16: NASA-PDS/system-i-n-t | C16: =D16-E16 -> 46304 | D16: ='Release Date'!$B$1-F16 -> 46345 | E16: 41 | F16: 21 | G16: System Integration & Test | H16: Perform System Testing;Generate Test Report;Update EN Node webpage with Test Report | I16: I&T and Release | J16: =IF(C16="","",(MOD(_xlfn.DAYS('Release Date'!$B$1,(C16+20)),21)=0)) -> TRUE | K16: =IF(D16="","",(MOD(_xlfn.DAYS('Release Date'!$B$1,D16),21)=0)) -> TRUE
A17: $BUILD Information Model I&T | B17: NASA-PDS/system-i-n-t | C17: =D17-E17 -> 46304 | D17: ='Release Date'!$B$1-F17 -> 46325 | E17: 21 | F17: 41 | G17: Information Model I&T | I17: I&T and Release | J17: =IF(C17="","",(MOD(_xlfn.DAYS('Release Date'!$B$1,(C17+20)),21)=0)) -> TRUE | K17: =IF(D17="","",(MOD(_xlfn.DAYS('Release Date'!$B$1,D17),21)=0)) -> FALSE
A18: $BUILD Delivery & Deployment Review (DDR) | B18: NASA-PDS/system-i-n-t | C18: =D18-E18 -> 46325 | D18: ='Release Date'!$B$1-F18 -> 46366 | E18: 41 | F18: 0 | G18: Delivery & Deployment Review (DDR) | H18: Generate and Release Final Release Description Document (RDD);Generate & Submit DDR Presentation;Release Test Report;DDR - TBD date | I18: I&T and Release | J18: =IF(C18="","",(MOD(_xlfn.DAYS('Release Date'!$B$1,(C18+20)),21)=0)) -> TRUE | K18: =IF(D18="","",(MOD(_xlfn.DAYS('Release Date'!$B$1,D18),21)=0)) -> TRUE
A19: $BUILD Deployment and Release | B19: NASA-PDS/system-i-n-t | C19: =D19-E19 -> 46346 | D19: ='Release Date'!$B$1-F19 -> 46366 | E19: 20 | F19: 0 | G19: Deployment and Release | H19: Deployment of Test Environment;Deployment of Production Environment - https://docs.google.com/spreadsheets/d/1f1zK9hdR3RWQP9PiR80EMFQ3xDqca1tK2a7oqSCKuHE/edit?usp=sharing;Webpage Updated - documents , discipline LDDs, TBD mission LDDs;Release announcement to public | I19: I&T and Release | J19: =IF(C19="","",(MOD(_xlfn.DAYS('Release Date'!$B$1,(C19+20)),21)=0)) -> TRUE | K19: =IF(D19="","",(MOD(_xlfn.DAYS('Release Date'!$B$1,D19),21)=0)) -> TRUE

Sheet Baseline
A1: Task | B1: Repo | C1: Start Date | D1: End Date | E1: Length (days) | F1: End Date - Days from Release | G1: Description | H1: Checklist
A2: Release Planning | B2: NASA-PDS/software-issues-repo | C2: 45737 | D2: 45778 | E2: =_xlfn.DAYS(D2,C2) -> 41 | F2: =_xlfn.DAYS('Release Date'!$B$1,D2) -> 588
A3: Security Scan | B3: NASA-PDS/pds4-information-model | C3: 45926 | D3: 45946 | E3: =_xlfn.DAYS(D3,C3) -> 20 | F3: =_xlfn.DAYS('Release Date'!$B$1,D3) -> 420
A4: B16 Information Model SCR Implementation and LDDTool Updates | B4: NASA-PDS/pds4-information-model | C4: 45757 | D4: 45946 | E4: =_xlfn.DAYS(D4,C4) -> 189 | F4: =_xlfn.DAYS('Release Date'!$B$1,D4) -> 420
A5: B16 SCR Freeze | B5: NASA-PDS/pds4-information-model | C5: 45926 | D5: 45926 | E5: =_xlfn.DAYS(D5,C5) -> 0 | F5: =_xlfn.DAYS('Release Date'!$B$1,D5) -> 440 | G5: DDWG SCR Freeze
A6: B16 Information Model Delivery to I&T | B6: NASA-PDS/pds4-information-model | C6: 45926 | D6: 45946 | E6: =_xlfn.DAYS(D6,C6) -> 20 | F6: =_xlfn.DAYS('Release Date'!$B$1,D6) -> 420 | G6: Information Model Delivery to I&T | H6: Wrap up remaining SCR implementations;Deliver IM to I&T
A7: B16 Standards Documents Updates | B7: NASA-PDS/pds4-information-model | C7: 45926 | D7: 45946 | E7: =_xlfn.DAYS(D7,C7) -> 20 | F7: =_xlfn.DAYS('Release Date'!$B$1,D7) -> 420 | H7: Standards Reference Document Update;Generate labels and DOIs for documents Data Provider's Handbook Updates
A8: B16 dLDD Integration & Test | B8: NASA-PDS/system-i-n-t | C8: 45947 | D8: 45988 | E8: =_xlfn.DAYS(D8,C8) -> 41 | F8: =_xlfn.DAYS('Release Date'!$B$1,D8) -> 378 | G8: Discipline LDD Integration & Test | H8: Generate and Deliver Discipline LDDs for I&T;Discipline LDD Review (dLDD Stewards Teams);Discipline LDD Freeze
A9: B16 Standards Document Review | B9: NASA-PDS/system-i-n-t | C9: 45947 | D9: 45988 | E9: =_xlfn.DAYS(D9,C9) -> 41 | F9: =_xlfn.DAYS('Release Date'!$B$1,D9) -> 378 | G9: Standards Document Review | H9: Review Standards Reference Document Updates;Complete Doc Updates Per Review Comments
A10: B16 System Integration & Test | B10: NASA-PDS/system-i-n-t | C10: 45947 | D10: 45988 | E10: =_xlfn.DAYS(D10,C10) -> 41 | F10: =_xlfn.DAYS('Release Date'!$B$1,D10) -> 378 | G10: System Integration & Test | H10: Perform System Testing;Generate Test Report;Update EN Node webpage with Test Report
A11: B16 Information Model I&T | B11: NASA-PDS/system-i-n-t | C11: 45957 | D11: 45967 | E11: =_xlfn.DAYS(D11,C11) -> 10 | F11: =_xlfn.DAYS('Release Date'!$B$1,D11) -> 399 | G11: Information Model I&T
A12: B16 Delivery & Deployment Review (DDR) | B12: NASA-PDS/system-i-n-t | C12: 45968 | D12: 46009 | E12: =_xlfn.DAYS(D12,C12) -> 41 | F12: =_xlfn.DAYS('Release Date'!$B$1,D12) -> 357 | G12: Delivery & Deployment Review (DDR) | H12: Generate and Release Final Release Description Document (RDD);Generate & Submit DDR Presentation;Release Test Report;DDR - TBD date
A13: B16 Deployment and Release | B13: NASA-PDS/system-i-n-t | C13: 45989 | D13: 46009 | E13: =_xlfn.DAYS(D13,C13) -> 20 | F13: =_xlfn.DAYS('Release Date'!$B$1,D13) -> 357 | G13: Deployment and Release | H13: Deployment of Test Environment; Deployment of Production Environment - https://docs.google.com/spreadsheets/d/1f1zK9hdR3RWQP9PiR80EMFQ3xDqca1tK2a7oqSCKuHE/edit?usp=sharing; Webpage Updated - documents , discipline LDDs, TBD mission LDDs;Release announcement to public
E14: =_xlfn.DAYS(D14,C14) -> 0
E15: =_xlfn.DAYS(D15,C15) -> 0
E16: =_xlfn.DAYS(D16,C16) -> 0
E17: =_xlfn.DAYS(D17,C17) -> 0
